,Correct_Address
0,6649 N Blue Gum St$$
1,8 W Cerritos Ave #54
2,639 Main St$$
3,34 Center St
4,3 Mcauley Dr
5,7 Eads St
6,5 Boston Ave #88
7,2371 Jerrold Ave
8,25 E 75th St #69
9,98 Connecticut Ave Nw
10,56 E Morehead St
11,73 State Road 434 E
12,69734 E Carrillo St
13,6 S 33rd St
14,6 Greenleaf Ave
15,618 W Yakima Ave
16,74 S Westgate St
17,3273 State St
18,1 Central Ave
19,86 Nw 66th St #8673
20,2 Cedar Ave #84
21,90991 Thorburn Ave$$
22,74874 Atlantic Ave
23,366 South Dr
24,45 E Liberty St
25,4 Ralph Ct
26,426 Wolf St
27,128 Bransten Rd
28,775 W 17th St
29,6980 Dorsett Rd
30,2881 Lewis Rd
31,7219 Woodfield Rd
32,1048 Main St
33,20 S Babcock St
34,2 Lighthouse Ave
35,5 Tomahawk Dr
36,762 S Main St
37,209 Decker Dr
38,4486 W O St #1
39,39 S 7th St
40,71 San Mateo Ave
41,76 Brooks St #9
42,4545 Courthouse Rd
43,14288 Foster Ave #4121
44,4 Otis St
45,65895 S 16th St
46,14302 Pennsylvania Ave
47,201 Hawk Ct
48,59 N $$Groesbeck Hwy
49,2664 Lewis Rd
50,3305 Nabell Ave #679
51,18 Fountain St
52,7 W 32nd St
53,74 W College St
54,701 S Harrison Rd
55,1088 Pinehurst St
56,30 W 80th St #1995
57,20932 Hedley St
58,2737 Pistorio Rd #9230
59,74989 Brandon St
60,6 Kains Ave
61,47565 W Grand Ave
62,6794 L$$ake Dr E
63,44 W 4th St
64,11279 Loytan St
65,69 Marquette Ave
66,70 W Main St
67,461 Prospect Pl #316
68,47154 Whipple Ave Nw
69,37 Alabama Ave
70,3777 E Richmond St #900
71,3 Fort Worth Ave
72,83649 W Belmont Ave
73,99385 Charity St #840
74,68556 Central Hwy
75,55 Riverside Ave
76,7140 University Ave
