,Correct_mail
0,jbutt@gmail.com
1,josephine_darakjy@darakjy.org
2,art@venere.org
3,lpaprocki@hotmail.com
4,donette.foller@cox.net
5,simona@morasca.com
6,mitsue_tollner@yahoo.com
7,leota@hotmail.com
8,sage_wieser@cox.net
9,kris@gmail.com
10,minna_amigon@yahoo.com
11,amaclead@gmail.com
12,kiley.caldarera@aol.com
13,gruta@cox.net
14,calbares@gmail.com
15,mattie@aol.com
16,meaghan@hotmail.com
17,gladys.rim@rim.org
18,yuki_whobrey@aol.com
19,fletcher.flosi@yahoo.com
20,bette_nicka@cox.net
21,vinouye@aol.com
22,willard@hotmail.com
23,mroyster@royster.com
24,alisha@slusarski.com
25,allene_iturbide@cox.net
26,chanel.caudy@caudy.org
27,ezekiel@chui.com
28,wkusko@yahoo.com
29,bfigeroa@aol.com
30,ammie@corrio.com
31,francine_vocelka@vocelka.com
32,ernie_stenseth@aol.com
33,albina@glick.com
34,asergi@gmail.com
35,solange@shinko.com
36,jose@yahoo.com
37,rozella.ostrosky@ostrosky.com
38,valentine_gillian@gmail.com
39,kati.rulapaugh@hotmail.com
40,youlanda@aol.com
41,doldroyd@aol.com
42,roxane@hotmail.com
43,lperin@perin.org
44,erick.ferencz@aol.com
45,fsaylors@saylors.org
46,jina_briddick@briddick.com
47,kanisha_waycott@yahoo.com
48,emerson.bowley@bowley.org
49,bmalet@yahoo.com
50,bbolognia@yahoo.com
51,lnestle@hotmail.com
52,sabra@uyetake.org
53,mmastella@mastella.com
54,karl_klonowski@yahoo.com
55,twenner@aol.com
56,amber_monarrez@monarrez.org
57,shenika@gmail.com
58,delmy.ahle@hotmail.com
59,deeanna_juhas@gmail.com
60,bpugh@aol.com
61,jamal@vanausdal.org
62,cecily@hollack.org
63,carmelina_lindall@lindall.com
64,maurine_yglesias@yglesias.com
65,tawna@gmail.com
66,penney_weight@aol.com
67,elly_morocco@gmail.com
68,ilene.eroman@hotmail.com
69,vmondella@mondella.com
70,kallie.blackwood@gmail.com
71,johnetta_abdallah@aol.com
72,brhym@rhym.com
73,micaela_rhymes@gmail.com
74,tamar@hotmail.com
75,moon@yahoo.com
76,laurel_reitler@reitler.com
77,delisa.crupi@crupi.com
78,viva.toelkes@gmail.com
79,elza@yahoo.com
80,devorah@hotmail.com
81,timothy_mulqueen@mulqueen.org
82,ahoneywell@honeywell.com
83,dominque.dickerson@dickerson.org
84,lettie_isenhower@yahoo.com
85,mmunns@cox.net
86,stephaine@barfield.com
87,lai.gato@gato.org
88,stephen_emigh@hotmail.com
89,tshields@gmail.com
90,twardrip@cox.net
91,cory.gibes@gmail.com
92,danica_bruschke@gmail.com
93,wilda@cox.net
94,elvera.benimadho@cox.net
95,carma@cox.net
96,malinda.hochard@yahoo.com
97,natalie.fern@hotmail.com
98,lisha@centini.org
